{
  "name" : "jobType",
  "type" : "ENUMVALUES",
  "enumValues" : [ {
    "canonicalName" : "HR",
    "synonyms" : [ "HR", "Human resources" ]
  }, {
    "canonicalName" : "MARKETING",
    "synonyms" : [ "marketing", "sales" ]
  }, {
    "canonicalName" : "RECRUITMENT",
    "synonyms" : [ "talent management", "talent", "Recruitement" ]
  }, {
    "canonicalName" : "TECH",
    "synonyms" : [ "technology", "data science", "IT", "Tech" ]
  } ],
  "namedEntityRuleParams" : [ ],
  "multiValue" : false,
  "fuzzyMatch" : false,
  "promptForDisambiguation" : true,
  "botPrompts" : [ {
    "text" : "Please enter jobType",
    "sequenceNr" : null
  } ],
  "validationRules" : [ ],
  "compositeBagItems" : [ ]
}