{
  "name" : "location",
  "type" : "ENUMVALUES",
  "enumValues" : [ {
    "canonicalName" : "Africa",
    "synonyms" : null
  }, {
    "canonicalName" : "Asia",
    "synonyms" : null
  }, {
    "canonicalName" : "Europe",
    "synonyms" : [ "EU", "UK" ]
  }, {
    "canonicalName" : "US",
    "synonyms" : [ "America", "USA" ]
  } ],
  "namedEntityRuleParams" : [ ],
  "multiValue" : false,
  "fuzzyMatch" : true,
  "promptForDisambiguation" : false,
  "errorMessage" : "Please select location",
  "botPrompts" : [ {
    "text" : "In which location?",
    "sequenceNr" : null
  } ],
  "validationRules" : [ ],
  "compositeBagItems" : [ ]
}