{
  "languageTag" : "default",
  "keys" : {
    "system.intent.TrackJob.conversationName" : {
      "message" : "TrackJob"
    },
    "system.intent.JobsAvailable.conversationName" : {
      "message" : "JobsAvailable"
    },
    "WelcomeMessage_1" : {
      "message" : "Hello {0}, welcome to the EHIC (European Health Insurance Card) Digital Assistant."
    },
    "AnonymousMessage" : {
      "message" : "welcome to the EHIC (European Health Insurance Card) Digital Assistant. "
    },
    "WelcomeMessage_2" : {
      "message" : "How may I help you? "
    },
    "system.intent.Exit.conversationName" : {
      "message" : "Exit"
    }
  }
}