{
  "name" : "VacancyBag",
  "type" : "COMPOSITEBAG",
  "enumValues" : [ {
    "canonicalName" : "jobType",
    "synonyms" : null
  } ],
  "parentEntity" : "CURRENCY",
  "namedEntityRuleParams" : [ {
    "value" : null,
    "rule" : {
      "name" : "FOLLOWINGPHRASE"
    }
  } ],
  "multiValue" : false,
  "fuzzyMatch" : false,
  "promptForDisambiguation" : true,
  "botPrompts" : [ {
    "text" : "Please enter Entity2",
    "sequenceNr" : null
  } ],
  "validationRules" : [ ],
  "compositeBagItems" : [ {
    "sequenceNr" : 1,
    "name" : "BagItemlocation",
    "type" : "ENTITY",
    "entityName" : "location",
    "entityUsage" : {
      "name" : "location",
      "description" : null,
      "patternExpression" : null,
      "type" : "ENUMVALUES",
      "enumValues" : [ {
        "canonicalName" : "Africa",
        "synonyms" : null
      }, {
        "canonicalName" : "Asia",
        "synonyms" : null
      }, {
        "canonicalName" : "Europe",
        "synonyms" : [ "EU", "UK" ]
      }, {
        "canonicalName" : "US",
        "synonyms" : [ "America", "USA" ]
      } ],
      "prompts" : null,
      "parentEntity" : null,
      "nextUpdateAt" : null,
      "multiValue" : false,
      "fuzzyMatch" : true,
      "promptForDisambiguation" : false,
      "disambiguationPrompt" : null,
      "enumRangeSize" : null,
      "errorMessage" : "Please select location",
      "namedEntityRuleParams" : [ ],
      "botPrompts" : [ {
        "text" : "In which location?"
      } ],
      "validationRules" : [ ]
    },
    "maxPrompts" : 2,
    "errorMessage" : "Please select location",
    "multiValue" : false,
    "fuzzyMatch" : false,
    "outOfOrderExtraction" : true,
    "promptForDisambiguation" : true,
    "disambiguationPrompt" : "Kindly specify the region \n",
    "prompts" : [ {
      "text" : "In which location?",
      "sequenceNr" : 1
    }, {
      "text" : "Sorry, i didn't quite get that, which location?",
      "sequenceNr" : 2
    } ]
  }, {
    "sequenceNr" : 2,
    "name" : "BagItemjobType",
    "type" : "ENTITY",
    "entityName" : "jobType",
    "entityUsage" : {
      "name" : "jobType",
      "description" : null,
      "patternExpression" : null,
      "type" : "ENUMVALUES",
      "enumValues" : [ {
        "canonicalName" : "HR",
        "synonyms" : [ "HR", "Human resources" ]
      }, {
        "canonicalName" : "MARKETING",
        "synonyms" : [ "marketing", "sales" ]
      }, {
        "canonicalName" : "TECH",
        "synonyms" : [ "technology", "data science", "IT", "Tech" ]
      } ],
      "prompts" : null,
      "parentEntity" : null,
      "nextUpdateAt" : null,
      "multiValue" : false,
      "fuzzyMatch" : false,
      "promptForDisambiguation" : true,
      "disambiguationPrompt" : null,
      "enumRangeSize" : null,
      "errorMessage" : null,
      "namedEntityRuleParams" : [ ],
      "botPrompts" : [ {
        "text" : "Please enter jobType"
      } ],
      "validationRules" : [ ]
    },
    "maxPrompts" : 2,
    "multiValue" : false,
    "fuzzyMatch" : false,
    "outOfOrderExtraction" : true,
    "extractWith" : "BagItemlocation",
    "promptForDisambiguation" : true,
    "disambiguationPrompt" : "Could you kindly specify?\n\n",
    "prompts" : [ {
      "text" : "Which field are you interested in?",
      "sequenceNr" : 1
    }, {
      "text" : "Which area are you interested in ie. IT, HR, etc",
      "sequenceNr" : 2
    } ]
  } ]
}